title,company_name,link,job type,location
Seeking an experienced Community & Brand Coordinator,Travis Schultz & Partners,https://www.seek.com.au//job/76214428?type=promoted&ref=search-standalone&origin=cardTitle,Full time,Brisbane QLD
.NET C# Developer,Seers Web Systems,https://www.seek.com.au//job/76139410?type=promoted&ref=search-standalone&origin=cardTitle,Full time,Brisbane QLD
Front End Developer - Multiple opportunities available,Transmax Pty Ltd,https://www.seek.com.au//job/76107839?type=standout&ref=search-standalone&origin=cardTitle,Full time,Milton
Front End Web Developer,Future-Proof Solutions,https://www.seek.com.au//job/75724992?type=standard&ref=search-standalone&origin=cardTitle,Full time,East Brisbane
Full Stack Web Developer,Halcyon Knights Pty Ltd,https://www.seek.com.au//job/75941470?type=standout&ref=search-standalone&origin=cardTitle,Full time,Brisbane QLD
Web Application Developer,KWB Group Pty Ltd,https://www.seek.com.au//job/75942840?type=standout&ref=search-standalone&origin=cardTitle,Full time,Lytton
Web Developer,Clicks IT Recruitment (QLD),https://www.seek.com.au//job/75684838?type=standard&ref=search-standalone&origin=cardTitle,Contract/Temp,Brisbane QLD
Solutions Developer (Web),Queensland University of Technology,https://www.seek.com.au//job/75852231?type=standout&ref=search-standalone&origin=cardTitle,Full time,Kelvin Grove
Co-founder and Software Developer,LearnStay.World,https://www.seek.com.au//job/76179389?type=standard&ref=search-standalone&origin=cardTitle,Full time,Brisbane QLD
Front End Developer,"Talent – Specialists in tech, transformation & beyond",https://www.seek.com.au//job/75832262?type=standout&ref=search-standalone&origin=cardTitle,Contract/Temp,Brisbane QLD
Software Engineer,Covetrus,https://www.seek.com.au//job/76157364?type=standout&ref=search-standalone&origin=cardTitle,Full time,Eight Mile Plains
eCommerce Web Designer,Super Retail Group,https://www.seek.com.au//job/76221760?type=standout&ref=search-standalone&origin=cardTitle,Full time,Strathpine
Web Developer,xrecruiter,https://www.seek.com.au//job/75536060?type=standout&ref=search-standalone&origin=cardTitle,Full time,Teneriffe
Wordpress Developer,Fortitude Valley,https://www.seek.com.au//job/75747128?type=standard&ref=search-standalone&origin=cardTitle,Full time,Fortitude Valley
AO5 Web Developer,Davidson,https://www.seek.com.au//job/75753793?type=standout&ref=search-standalone&origin=cardTitle,Contract/Temp,Brisbane QLD
Fullstack Developer,Infoview Technologies,https://www.seek.com.au//job/76212129?type=standout&ref=search-standalone&origin=cardTitle,Full time,Brisbane QLD
Software Developer,Talenza,https://www.seek.com.au//job/76163231?type=standard&ref=search-standalone&origin=cardTitle,Full time,Brisbane QLD
Graduate Developer,Aurion Corporation Pty Ltd,https://www.seek.com.au//job/75947768?type=standout&ref=search-standalone&origin=cardTitle,Full time,Toowong
Grad to Mid-Level Engineers - 100% Remote - Multiple positions,GritCode,https://www.seek.com.au//job/76115974?type=standard&ref=search-standalone&origin=cardTitle,Full time,Brisbane QLD
Software Developer,Working Mouse Pty Ltd,https://www.seek.com.au//job/76064491?type=standard&ref=search-standalone&origin=cardTitle,Full time,Milton
Junior Developer – AI,Lime Recruitment,https://www.seek.com.au//job/75742727?type=standard&ref=search-standalone&origin=cardTitle,Contract/Temp,Brisbane QLD
Software Developer,Paxus,https://www.seek.com.au//job/76152223?type=standout&ref=search-standalone&origin=cardTitle,Contract/Temp,Brisbane QLD
Website Co-ordinator,Synergy Business Systems,https://www.seek.com.au//job/76086237?type=promoted&ref=search-standalone&origin=cardTitle,Full time,South Brisbane
Product and Customer Support,Aerotrack Systems,https://www.seek.com.au//job/75752690?type=promoted&ref=search-standalone&origin=cardTitle,Full time,Milton
Software Developer,ECLIPS Logistics,https://www.seek.com.au//job/76108133?type=standout&ref=search-standalone&origin=cardTitle,Full time,Bowen Hills
Full Stack Developer,Exclaim IT,https://www.seek.com.au//job/76065258?type=standout&ref=search-standalone&origin=cardTitle,Contract/Temp,Brisbane QLD
Java API Developer,Edge Matters Pty. Ltd.,https://www.seek.com.au//job/76202019?type=standout&ref=search-standalone&origin=cardTitle,Contract/Temp,Brisbane QLD
Junior .Net Developer | I.T Services | 5 Days Onsite,Robert Half,https://www.seek.com.au//job/76180554?type=standard&ref=search-standalone&origin=cardTitle,Full time,Brisbane QLD
Content Designer,Queensland Police Service,https://www.seek.com.au//job/76213455?type=standout&ref=search-standalone&origin=cardTitle,Full time,Brisbane QLD
Software engineer/Senior software engineer - (Laravel & Vue),Trilogy Care Pty Ltd,https://www.seek.com.au//job/76161895?type=standout&ref=search-standalone&origin=cardTitle,Full time,Bowen Hills
Web Designer,xrecruiter,https://www.seek.com.au//job/75536161?type=standout&ref=search-standalone&origin=cardTitle,Full time,Newstead
Software Developer,Metro North Hospital & Health Service,https://www.seek.com.au//job/75950929?type=standout&ref=search-standalone&origin=cardTitle,Full time,Chermside
Graphic and Website Designer,Resurge Digital,https://www.seek.com.au//job/75740964?type=standard&ref=search-standalone&origin=cardTitle,Full time,Fortitude Valley
Digital Specialist,Akkodis,https://www.seek.com.au//job/76165337?type=standout&ref=search-standalone&origin=cardTitle,Contract/Temp,Brisbane QLD
Frontend Developer,Moonward,https://www.seek.com.au//job/75786891?type=standard&ref=search-standalone&origin=cardTitle,Full time,Brisbane QLD
Software Engineer,Scout Talent,https://www.seek.com.au//job/76153163?type=standout&ref=search-standalone&origin=cardTitle,Full time,Chermside
Back End Developer,Transmax Pty Ltd,https://www.seek.com.au//job/76107783?type=standout&ref=search-standalone&origin=cardTitle,Full time,Brisbane QLD
Mid Full Stack Software Engineer - Remote,Coviu,https://www.seek.com.au//job/76000896?type=standard&ref=search-standalone&origin=cardTitle,Full time,Brisbane QLD
Lead Application Developer,Origin,https://www.seek.com.au//job/76195410?type=standout&ref=search-standalone&origin=cardTitle,Full time,Brisbane QLD
Software Engineer,Scout Talent,https://www.seek.com.au//job/76153427?type=standout&ref=search-standalone&origin=cardTitle,Full time,Springwood
Front-End Senior Developer,Auto & General,https://www.seek.com.au//job/75815231?type=standout&ref=search-standalone&origin=cardTitle,Full time,Toowong
Seeking an experienced Community & Brand Coordinator,Travis Schultz & Partners,https://www.seek.com.au//job/76214428?type=standout&ref=search-standalone&origin=cardTitle,Full time,Brisbane QLD
ASD 4 & 5 Software Developer,Australian Signals Directorate,https://www.seek.com.au//job/75918624?type=standout&ref=search-standalone&origin=cardTitle,Full time,Brisbane QLD
Level 1 Support Programmer,Maintenance Experts,https://www.seek.com.au//job/75989419?type=standout&ref=search-standalone&origin=cardTitle,Full time,Newstead
Power Systems Engineer,DIgSILENT Pacific,https://www.seek.com.au//job/76209760?type=promoted&ref=search-standalone&origin=cardTitle,Full time,Brisbane QLD
Digital Content Manager,Gybe Consulting,https://www.seek.com.au//job/75850103?type=promoted&ref=search-standalone&origin=cardTitle,Full time,Bowen Hills
PHP Programmer,Vuly Pty Ltd,https://www.seek.com.au//job/75990406?type=standout&ref=search-standalone&origin=cardTitle,Full time,Wakerley
Software Engineer,Boeing Defence Australia,https://www.seek.com.au//job/76213452?type=standout&ref=search-standalone&origin=cardTitle,Full time,Brisbane QLD
Senior Software Developer,Metro North Hospital & Health Service,https://www.seek.com.au//job/76222402?type=standout&ref=search-standalone&origin=cardTitle,Full time,Chermside
Junior Full Stack Developer,MTP Services,https://www.seek.com.au//job/75472680?type=standout&ref=search-standalone&origin=cardTitle,Full time,Brisbane QLD
.NET C# Developer,Seers Web Systems,https://www.seek.com.au//job/76139410?type=standout&ref=search-standalone&origin=cardTitle,Full time,Brisbane QLD
Intern Software Developer,Technology One Limited,https://www.seek.com.au//job/75927907?type=standout&ref=search-standalone&origin=cardTitle,Full time,Brisbane QLD
Senior React Developer,Davidson,https://www.seek.com.au//job/76103692?type=standout&ref=search-standalone&origin=cardTitle,Full time,Brisbane QLD
Software Developer,Corbel Technologies,https://www.seek.com.au//job/75790630?type=standout&ref=search-standalone&origin=cardTitle,Full time,Brisbane QLD
DevOps Engineer,Working Mouse Pty Ltd,https://www.seek.com.au//job/76189743?type=standard&ref=search-standalone&origin=cardTitle,Full time,Milton
Full Stack Developer,"Talent – Specialists in tech, transformation & beyond",https://www.seek.com.au//job/75850742?type=standout&ref=search-standalone&origin=cardTitle,Contract/Temp,Brisbane QLD
React Developer,Just Digital People,https://www.seek.com.au//job/75822944?type=standard&ref=search-standalone&origin=cardTitle,Full time,Brisbane QLD
ASD 6 & EL1 Software Developer,Australian Signals Directorate,https://www.seek.com.au//job/75918697?type=standout&ref=search-standalone&origin=cardTitle,Full time,Brisbane QLD
Manufacturing Systems Developer,Conveyor Products and Solutions,https://www.seek.com.au//job/75558350?type=standard&ref=search-standalone&origin=cardTitle,Full time,Murarrie
Full Stack Developer,Opus Recruitment Solutions,https://www.seek.com.au//job/75752848?type=standout&ref=search-standalone&origin=cardTitle,Contract/Temp,Brisbane QLD
AO4 Web Production Coordinator,Davidson,https://www.seek.com.au//job/75754548?type=standout&ref=search-standalone&origin=cardTitle,Contract/Temp,Brisbane QLD
ICT Developer,JBPL Technologies Pty LTd,https://www.seek.com.au//job/76154607?type=standard&ref=search-standalone&origin=cardTitle,Full time,Brisbane QLD
Developer,Suncorp,https://www.seek.com.au//job/75680784?type=standout&ref=search-standalone&origin=cardTitle,Full time,Brisbane QLD
Software Engineer,Scout Talent,https://www.seek.com.au//job/76079420?type=standout&ref=search-standalone&origin=cardTitle,Full time,Caboolture
Software Developer,Mane Consulting,https://www.seek.com.au//job/75725943?type=standout&ref=search-standalone&origin=cardTitle,Contract/Temp,Brisbane QLD
Software Developer,Talenza,https://www.seek.com.au//job/75707649?type=standard&ref=search-standalone&origin=cardTitle,Full time,Brisbane QLD
Frontend Software Engineer (React),Just Digital People,https://www.seek.com.au//job/75927726?type=standard&ref=search-standalone&origin=cardTitle,Full time,Brisbane QLD
Senior Full Stack Developer,NTT Ltd,https://www.seek.com.au//job/76212842?type=standard&ref=search-standalone&origin=cardTitle,Full time,Brisbane QLD
Website Co-ordinator,Synergy Business Systems,https://www.seek.com.au//job/76086237?type=standout&ref=search-standalone&origin=cardTitle,Full time,South Brisbane
Software Engineers (Multiple Roles!),Assembl Talent Pty Ltd,https://www.seek.com.au//job/75848537?type=standout&ref=search-standalone&origin=cardTitle,Full time,Brisbane QLD
Full Stack Engineer,The Platform Alliance Group,https://www.seek.com.au//job/75797325?type=standard&ref=search-standalone&origin=cardTitle,Full time,Brisbane QLD
Software Engineer (.NET),Covetrus,https://www.seek.com.au//job/76112379?type=standout&ref=search-standalone&origin=cardTitle,Full time,Eight Mile Plains
.NET Developer with PHP working knowledge,Morgan Consulting,https://www.seek.com.au//job/76057911?type=standard&ref=search-standalone&origin=cardTitle,Full time,Lytton
Retail Manager,Chemist Warehouse,https://www.seek.com.au//job/76190952?type=standout&ref=search-standalone&origin=cardTitle,Full time,Strathpine
Full Stack Developer,Apex Group,https://www.seek.com.au//job/75961297?type=standout&ref=search-standalone&origin=cardTitle,Full time,Brisbane QLD
Full Stack Developer,Just Digital People,https://www.seek.com.au//job/75647975?type=standard&ref=search-standalone&origin=cardTitle,Full time,Brisbane QLD
Software Developer ,Talenza,https://www.seek.com.au//job/75533897?type=standard&ref=search-standalone&origin=cardTitle,Full time,Fortitude Valley
Full Stack Developer,MTP Services,https://www.seek.com.au//job/75472831?type=standout&ref=search-standalone&origin=cardTitle,Full time,Brisbane QLD
Senior Full Stack Developer,Universal Store,https://www.seek.com.au//job/75942483?type=standout&ref=search-standalone&origin=cardTitle,Full time,Eagle Farm
Senior .Net Software Developer,GoLogic Group,https://www.seek.com.au//job/75958996?type=standout&ref=search-standalone&origin=cardTitle,Full time,Brisbane QLD
Lead Front End Developer,u&u. Recruitment Partners,https://www.seek.com.au//job/75504739?type=standard&ref=search-standalone&origin=cardTitle,Contract/Temp,Brisbane QLD
Pharmacist,Chemist Warehouse,https://www.seek.com.au//job/76160411?type=standout&ref=search-standalone&origin=cardTitle,Full time,Ashgrove
Mid Software Engineer,Flight Centre Travel Group,https://www.seek.com.au//job/76156667?type=standout&ref=search-standalone&origin=cardTitle,Full time,South Brisbane
Chromium Browser Developer,DataBench,https://www.seek.com.au//job/75572521?type=standout&ref=search-standalone&origin=cardTitle,Contract/Temp,Brisbane QLD
Lead Application Developer,CircuIT Recruitment Group,https://www.seek.com.au//job/76220121?type=standard&ref=search-standalone&origin=cardTitle,Full time,Brisbane QLD
Software Developer / Senior Software Developer,Affinity Nursing,https://www.seek.com.au//job/75550134?type=standout&ref=search-standalone&origin=cardTitle,Full time,Woolloongabba
Full Stack Developer ,Peoplebank Australia QLD,https://www.seek.com.au//job/75536287?type=standout&ref=search-standalone&origin=cardTitle,Contract/Temp,Brisbane QLD
Full Stack Developer,Davidson,https://www.seek.com.au//job/75535527?type=standout&ref=search-standalone&origin=cardTitle,Contract/Temp,Redbank Plains
SQL Server Developer,SEnterpriSYS Limited,https://www.seek.com.au//job/75852652?type=standard&ref=search-standalone&origin=cardTitle,Full time,Western Suburbs & Ipswich
Cloud Software Engineer,Fugro Australia Pty Ltd,https://www.seek.com.au//job/76161582?type=standout&ref=search-standalone&origin=cardTitle,Full time,Brisbane QLD
Delphi Software Developer,Soi4 Pty Ltd,https://www.seek.com.au//job/75548944?type=standard&ref=search-standalone&origin=cardTitle,Full time,Banyo
ASD4 & 5 Software Engineers,Australian Signals Directorate,https://www.seek.com.au//job/76105762?type=standout&ref=search-standalone&origin=cardTitle,Full time,Brisbane QLD
Full Stack Developer,Paxus,https://www.seek.com.au//job/75532967?type=standout&ref=search-standalone&origin=cardTitle,Contract/Temp,Brisbane QLD
"Full-stack Developer - Node, Javascript, Vue ",Michael Page,https://www.seek.com.au//job/75487347?type=standard&ref=search-standalone&origin=cardTitle,Full time,Brisbane QLD
Backend .Net Developer (Mid Level),Just Digital People,https://www.seek.com.au//job/76078666?type=standout&ref=search-standalone&origin=cardTitle,Full time,Brisbane QLD
Senior Developers (Dynamics 365),Exclaim IT,https://www.seek.com.au//job/76178464?type=standout&ref=search-standalone&origin=cardTitle,Contract/Temp,Brisbane QLD
Product and Customer Support,Aerotrack Systems,https://www.seek.com.au//job/75752690?type=standout&ref=search-standalone&origin=cardTitle,Full time,Milton
Storeperson,Chemist Warehouse,https://www.seek.com.au//job/76112166?type=standout&ref=search-standalone&origin=cardTitle,Full time,Jindalee
Software Engineer,Airbus Australia Pacific Limited,https://www.seek.com.au//job/76074199?type=standout&ref=search-standalone&origin=cardTitle,Full time,Brisbane QLD
Frontend Engineer,Nuage Technology Group,https://www.seek.com.au//job/75947312?type=standout&ref=search-standalone&origin=cardTitle,Contract/Temp,Brisbane QLD
CCM Developer (Analyst Programmer),Australian Retirement Trust,https://www.seek.com.au//job/75990619?type=standout&ref=search-standalone&origin=cardTitle,Full time,Brisbane QLD
Software Engineer,Magentus,https://www.seek.com.au//job/74979647?type=standout&ref=search-standalone&origin=cardTitle,Full time,Fortitude Valley
Pronto Developer (IT Specialist),Big River Group Pty Ltd,https://www.seek.com.au//job/75713433?type=standout&ref=search-standalone&origin=cardTitle,Full time,Brisbane QLD
Software Engineer - Entry Level Opportunity,B&R Enclosures Pty Ltd,https://www.seek.com.au//job/75657557?type=standout&ref=search-standalone&origin=cardTitle,Full time,Heathwood
Senior Software Engineer,Fugro Australia Pty Ltd,https://www.seek.com.au//job/76183338?type=standout&ref=search-standalone&origin=cardTitle,Full time,Brisbane QLD
Senior Software Developer - React/Node/PHP,Bluefin Resources Pty Limited,https://www.seek.com.au//job/75752825?type=standard&ref=search-standalone&origin=cardTitle,Contract/Temp,Brisbane QLD
Storeperson,Chemist Warehouse,https://www.seek.com.au//job/76111262?type=standout&ref=search-standalone&origin=cardTitle,Full time,Oxley
Storeperson,Chemist Warehouse,https://www.seek.com.au//job/76111264?type=standout&ref=search-standalone&origin=cardTitle,Full time,Browns Plains
PHP/Laravel Developer,Sprint Digital,https://www.seek.com.au//job/75551983?type=standard&ref=search-standalone&origin=cardTitle,Full time,Fortitude Valley
Software Engineer,Raytheon Australia,https://www.seek.com.au//job/75953715?type=standout&ref=search-standalone&origin=cardTitle,Full time,Springfield Central
SharePoint Developer,ECLIPS Logistics,https://www.seek.com.au//job/76032889?type=standout&ref=search-standalone&origin=cardTitle,Part time,Bowen Hills
Senior Digital Project Manager,BLACKROC,https://www.seek.com.au//job/76190134?type=standout&ref=search-standalone&origin=cardTitle,Full time,Brisbane QLD
Student Pharmacist,Chemist Warehouse,https://www.seek.com.au//job/76111261?type=standout&ref=search-standalone&origin=cardTitle,Part time,Sunnybank
Full Stack .Net Developer,Commerce Vision Pty Ltd,https://www.seek.com.au//job/75745259?type=standout&ref=search-standalone&origin=cardTitle,Full time,Brisbane QLD
Mobile Developer,Logitrix Management Services,https://www.seek.com.au//job/75944375?type=standard&ref=search-standalone&origin=cardTitle,Contract/Temp,East Brisbane
Mid-Senior .Net Developer,Just Digital People,https://www.seek.com.au//job/76116538?type=standard&ref=search-standalone&origin=cardTitle,Full time,Brisbane QLD
Pharmacist,Chemist Warehouse,https://www.seek.com.au//job/76112039?type=standout&ref=search-standalone&origin=cardTitle,Full time,Browns Plains
Pharmacist,Chemist Warehouse,https://www.seek.com.au//job/76112034?type=standout&ref=search-standalone&origin=cardTitle,Full time,Sunnybank
Software Developer,Paxus,https://www.seek.com.au//job/75488278?type=standout&ref=search-standalone&origin=cardTitle,Contract/Temp,Brisbane QLD
IT APP Developer,ALS Limited,https://www.seek.com.au//job/75993913?type=standout&ref=search-standalone&origin=cardTitle,Full time,Brisbane QLD
Software Developer (Specialist) - ICT,Hudson - Software Development,https://www.seek.com.au//job/75555113?type=standard&ref=search-standalone&origin=cardTitle,Full time,Brisbane QLD
Backend Node Developer,Just Digital People,https://www.seek.com.au//job/75822850?type=standard&ref=search-standalone&origin=cardTitle,Full time,Brisbane QLD
Pharmacy Assistant,Chemist Warehouse,https://www.seek.com.au//job/76111263?type=standout&ref=search-standalone&origin=cardTitle,Full time,Oxley
User Experience Designer,Resolve Recruit,https://www.seek.com.au//job/76041237?type=standout&ref=search-standalone&origin=cardTitle,Contract/Temp,Brisbane QLD
Senior Full Stack Engineer,BLACKROC,https://www.seek.com.au//job/75789372?type=standout&ref=search-standalone&origin=cardTitle,Full time,Brisbane QLD
Java Analyst Programmer,Davidson,https://www.seek.com.au//job/76037449?type=standout&ref=search-standalone&origin=cardTitle,Contract/Temp,Brisbane QLD
Engineering Team Lead (Remote),Euka Future Learning,https://www.seek.com.au//job/75622999?type=standard&ref=search-standalone&origin=cardTitle,Full time,Brisbane QLD
Student Pharmacist,Chemist Warehouse,https://www.seek.com.au//job/76112038?type=standout&ref=search-standalone&origin=cardTitle,Part time,Browns Plains
Senior Software Engineer - Mobile Application Development,Deswik,https://www.seek.com.au//job/75831220?type=standout&ref=search-standalone&origin=cardTitle,Full time,Brisbane QLD
Full-Stack Software Engineer,Universal Field Robots,https://www.seek.com.au//job/75489101?type=standard&ref=search-standalone&origin=cardTitle,Full time,Eagle Farm
Senior Software Developer,Bestbyte Computing,https://www.seek.com.au//job/75714361?type=standard&ref=search-standalone&origin=cardTitle,Full time,Brisbane QLD
Java Analyst Programmer,Hudson - Technology and Digital,https://www.seek.com.au//job/76048267?type=standard&ref=search-standalone&origin=cardTitle,Contract/Temp,Brisbane QLD
Mid - Senior Full Stack Developer,BLACKROC,https://www.seek.com.au//job/75551880?type=standout&ref=search-standalone&origin=cardTitle,Full time,Brisbane QLD
Storeperson,Chemist Warehouse,https://www.seek.com.au//job/76112874?type=standout&ref=search-standalone&origin=cardTitle,Full time,Rocklea
Storeperson,Chemist Warehouse,https://www.seek.com.au//job/76112040?type=standout&ref=search-standalone&origin=cardTitle,Full time,Crestmead
Digital Accessibility Specialist / Designer,BLACKROC,https://www.seek.com.au//job/75695131?type=standout&ref=search-standalone&origin=cardTitle,Contract/Temp,Brisbane QLD
Senior Software Engineer,Flight Centre Travel Group,https://www.seek.com.au//job/76157242?type=standout&ref=search-standalone&origin=cardTitle,Full time,South Brisbane
Software Architect,Technology One Limited,https://www.seek.com.au//job/76150388?type=standout&ref=search-standalone&origin=cardTitle,Full time,Brisbane QLD
.NET Developer,BLACKROC,https://www.seek.com.au//job/75801821?type=standout&ref=search-standalone&origin=cardTitle,Contract/Temp,Brisbane QLD
Technical Lead,Paxus,https://www.seek.com.au//job/75988627?type=standout&ref=search-standalone&origin=cardTitle,Full time,Brisbane QLD
Lead Node Developer,Davidson,https://www.seek.com.au//job/75942627?type=standout&ref=search-standalone&origin=cardTitle,Full time,South Brisbane
Senior Full Stack .Net Developer,Commerce Vision Pty Ltd,https://www.seek.com.au//job/75745672?type=standout&ref=search-standalone&origin=cardTitle,Full time,Brisbane QLD
Pharmacy Assistant,Chemist Warehouse,https://www.seek.com.au//job/76111260?type=standout&ref=search-standalone&origin=cardTitle,Full time,Sunnybank
Software Architect - Medical R&D,Stryker,https://www.seek.com.au//job/75528074?type=standout&ref=search-standalone&origin=cardTitle,Full time,Brisbane QLD
Pharmacy Assistant,Chemist Warehouse,https://www.seek.com.au//job/76111265?type=standout&ref=search-standalone&origin=cardTitle,Full time,Browns Plains
Pharmacy Assistant,Chemist Warehouse,https://www.seek.com.au//job/76111258?type=standout&ref=search-standalone&origin=cardTitle,Part time,Logan Central
Pharmacy Assistant,Chemist Warehouse,https://www.seek.com.au//job/76112037?type=standout&ref=search-standalone&origin=cardTitle,Full time,Jindalee
Software Engineer (C# AWS),Just Digital People,https://www.seek.com.au//job/75924778?type=standard&ref=search-standalone&origin=cardTitle,Full time,Brisbane QLD
ASD6 Senior Software Engineer,Australian Signals Directorate,https://www.seek.com.au//job/76105791?type=standout&ref=search-standalone&origin=cardTitle,Full time,Brisbane QLD
Integration Specialist (Developer),Queensland Police Service,https://www.seek.com.au//job/76013422?type=standout&ref=search-standalone&origin=cardTitle,Full time,Brisbane QLD
Senior Marketing Co-ordinator,INTERNATIONAL CARGO EXPRESS PTY LTD,https://www.seek.com.au//job/75792949?type=standout&ref=search-standalone&origin=cardTitle,Full time,Brisbane QLD
Junior Marketing / Designer,Joshua Hall Design,https://www.seek.com.au//job/75901231?type=standard&ref=search-standalone&origin=cardTitle,Casual/Vacation,Brisbane QLD
Software Engineer (C#),RPMGlobal,https://www.seek.com.au//job/75847158?type=standout&ref=search-standalone&origin=cardTitle,Full time,Brisbane QLD
Software Engineer - Golang - Permanent,Blackmagic Design,https://www.seek.com.au//job/76019570?type=standout&ref=search-standalone&origin=cardTitle,Full time,Brisbane QLD
Senior Spatial Systems Developer,Department of Environment and Science,https://www.seek.com.au//job/76079553?type=standout&ref=search-standalone&origin=cardTitle,Full time,Dutton Park
Search Engine Optimisation,Just Digital People,https://www.seek.com.au//job/76113067?type=standard&ref=search-standalone&origin=cardTitle,Full time,Brisbane QLD
Power Systems Engineer,DIgSILENT Pacific,https://www.seek.com.au//job/76209760?type=standout&ref=search-standalone&origin=cardTitle,Full time,Brisbane QLD
Senior Delphi Developer,Revive Financial,https://www.seek.com.au//job/75541880?type=standard&ref=search-standalone&origin=cardTitle,Contract/Temp,Brisbane QLD
Applications Administrator,Independent Schools Queensland,https://www.seek.com.au//job/76016662?type=standout&ref=search-standalone&origin=cardTitle,Full time,Brisbane QLD
Senior Developer (00007309),Auto & General,https://www.seek.com.au//job/76085328?type=standout&ref=search-standalone&origin=cardTitle,Full time,Toowong
Pharmacy Assistant,Chemist Warehouse,https://www.seek.com.au//job/76112873?type=standout&ref=search-standalone&origin=cardTitle,Full time,Rocklea
Junior Data & Reporting Analyst,Maintenance Experts,https://www.seek.com.au//job/76083555?type=standout&ref=search-standalone&origin=cardTitle,Full time,Newstead
Pharmacy Assistant,Chemist Warehouse,https://www.seek.com.au//job/76112872?type=standout&ref=search-standalone&origin=cardTitle,Full time,Crestmead
Program Lead Teaming Robotics,Trusted Autonomous Systems Defence CRC,https://www.seek.com.au//job/76076812?type=standout&ref=search-standalone&origin=cardTitle,Full time,Brisbane QLD
Junior/Mid-level Android Developer,Athena Artificial Intelligence,https://www.seek.com.au//job/75649828?type=standard&ref=search-standalone&origin=cardTitle,Full time,Murarrie
Digital Designer,News Corp Australia,https://www.seek.com.au//job/76080856?type=standout&ref=search-standalone&origin=cardTitle,Full time,Bowen Hills
Digital Content Manager,Gybe Consulting,https://www.seek.com.au//job/75850103?type=standout&ref=search-standalone&origin=cardTitle,Full time,Bowen Hills
Senior Software Developer,Compare the Market,https://www.seek.com.au//job/75526990?type=standout&ref=search-standalone&origin=cardTitle,Full time,Toowong
Database Administrator/Application Developer,Clicks IT Recruitment (QLD),https://www.seek.com.au//job/75814163?type=standard&ref=search-standalone&origin=cardTitle,Full time,Brisbane QLD
Senior Full Stack Engineer,BLACKROC,https://www.seek.com.au//job/75552282?type=standout&ref=search-standalone&origin=cardTitle,Full time,Brisbane QLD
Technical Lead,Scout Talent,https://www.seek.com.au//job/75644564?type=standout&ref=search-standalone&origin=cardTitle,Full time,Milton
eCommerce Content Specialist,Super Retail Group,https://www.seek.com.au//job/76106675?type=standout&ref=search-standalone&origin=cardTitle,Full time,Strathpine
Enterprise Integration (EI)  Developer,Halcyon Knights Pty Ltd,https://www.seek.com.au//job/75825488?type=standout&ref=search-standalone&origin=cardTitle,Contract/Temp,Brisbane QLD
Intermediate/Senior .Net Developer-AWS,NCSI Australia Pty Limited,https://www.seek.com.au//job/76004606?type=standout&ref=search-standalone&origin=cardTitle,Full time,Brisbane QLD
Pharmacist,Chemist Warehouse,https://www.seek.com.au//job/76035120?type=standout&ref=search-standalone&origin=cardTitle,Full time,Ashgrove
Senior Software Engineer - Car Rental & Connected Cars,Telemax Telematics,https://www.seek.com.au//job/74940473?type=standard&ref=search-standalone&origin=cardTitle,Full time,Herston
Pharmacist - Full & Part Time,Chemist Warehouse,https://www.seek.com.au//job/76061929?type=standout&ref=search-standalone&origin=cardTitle,Full time,Caboolture
Oracle Database Developer,Recruitment Hive,https://www.seek.com.au//job/76104317?type=standout&ref=search-standalone&origin=cardTitle,Contract/Temp,Brisbane QLD
SharePoint and Power Platform Developer with PowerShell Expertise,AfterDark Technology,https://www.seek.com.au//job/75734917?type=standout&ref=search-standalone&origin=cardTitle,Full time,Bowen Hills
Pharmacy Assistant,Chemist Warehouse,https://www.seek.com.au//job/76061920?type=standout&ref=search-standalone&origin=cardTitle,Full time,Kedron
Robotic Process Automation Developer,Aurec,https://www.seek.com.au//job/75942731?type=standard&ref=search-standalone&origin=cardTitle,Full time,Brisbane QLD
Microsoft Power Platform Developer,Sensei,https://www.seek.com.au//job/75623576?type=standout&ref=search-standalone&origin=cardTitle,Full time,Brisbane QLD
Full Stack .NET Developer,M&T Resources,https://www.seek.com.au//job/75533731?type=standout&ref=search-standalone&origin=cardTitle,Contract/Temp,Brisbane QLD
Tech Lead,Calleo,https://www.seek.com.au//job/76211737?type=standout&ref=search-standalone&origin=cardTitle,Full time,Brisbane QLD
Senior Software Engineer | React | Golang,ABC,https://www.seek.com.au//job/75795546?type=standout&ref=search-standalone&origin=cardTitle,Full time,Brisbane QLD
Student Pharmacist,Chemist Warehouse,https://www.seek.com.au//job/75999418?type=standout&ref=search-standalone&origin=cardTitle,Part time,Pullenvale
Senior .Net Developer,Just Digital People,https://www.seek.com.au//job/75532686?type=standard&ref=search-standalone&origin=cardTitle,Full time,Brisbane QLD
Software Engineer,Rheinmetall Defence Australia,https://www.seek.com.au//job/75650476?type=standout&ref=search-standalone&origin=cardTitle,Contract/Temp,Redbank
Ruby on Rails Developer - Platform Infrastructure,Tanda,https://www.seek.com.au//job/75925838?type=standard&ref=search-standalone&origin=cardTitle,Full time,Brisbane QLD
Pharmacist,Chemist Warehouse,https://www.seek.com.au//job/75999423?type=standout&ref=search-standalone&origin=cardTitle,Full time,Oxley
Pharmacist,Chemist Warehouse,https://www.seek.com.au//job/75999416?type=standout&ref=search-standalone&origin=cardTitle,Full time,Virginia
Pharmacist,Chemist Warehouse,https://www.seek.com.au//job/75999417?type=standout&ref=search-standalone&origin=cardTitle,Full time,Pullenvale
Pharmacist,Chemist Warehouse,https://www.seek.com.au//job/75999421?type=standout&ref=search-standalone&origin=cardTitle,Full time,Jindalee
Senior Software Engineer - Guidewire,Suncorp,https://www.seek.com.au//job/75988914?type=standout&ref=search-standalone&origin=cardTitle,Full time,Brisbane QLD
Senior Software Engineer,Fitness And Lifestyle Group Bidco Pty Ltd,https://www.seek.com.au//job/75922070?type=standout&ref=search-standalone&origin=cardTitle,Full time,West End
Software Engineer (C#/.Net/WinForms),RPMGlobal,https://www.seek.com.au//job/75988701?type=standout&ref=search-standalone&origin=cardTitle,Full time,Brisbane QLD
Digital Marketing Account Manager,Yes Digital,https://www.seek.com.au//job/75752424?type=standard&ref=search-standalone&origin=cardTitle,Full time,Brisbane QLD
Software Engineering Manager - React | Node | Azure| API | Redux,Expertech,https://www.seek.com.au//job/75719568?type=standard&ref=search-standalone&origin=cardTitle,Full time,Brisbane QLD
EI Developer Lead,Recruitment Hive,https://www.seek.com.au//job/75827064?type=standout&ref=search-standalone&origin=cardTitle,Contract/Temp,Brisbane QLD
Marketing Cloud MarTech Developer,Flight Centre Travel Group,https://www.seek.com.au//job/76024821?type=standout&ref=search-standalone&origin=cardTitle,Full time,South Bank
Student Pharmacist,Chemist Warehouse,https://www.seek.com.au//job/75999422?type=standout&ref=search-standalone&origin=cardTitle,Part time,Oxley
Student Pharmacist,Chemist Warehouse,https://www.seek.com.au//job/75999420?type=standout&ref=search-standalone&origin=cardTitle,Part time,Jindalee
Salesforces Developers,Calleo,https://www.seek.com.au//job/75689565?type=standout&ref=search-standalone&origin=cardTitle,Full time,Brisbane QLD
Salesforce Developer,Just Digital People,https://www.seek.com.au//job/75687651?type=standard&ref=search-standalone&origin=cardTitle,Contract/Temp,Brisbane QLD
Senior Developer (.Net),Shell Energy,https://www.seek.com.au//job/76026708?type=standout&ref=search-standalone&origin=cardTitle,Full time,Brisbane QLD
Full Stack .Net Developer,Just Digital People,https://www.seek.com.au//job/75651630?type=standard&ref=search-standalone&origin=cardTitle,Full time,Brisbane QLD
.NET Developer (.NET Angular) - 13 Month Contract - $850 Per Day Inc Super,Oscar Thomas Group,https://www.seek.com.au//job/75835929?type=standard&ref=search-standalone&origin=cardTitle,Contract/Temp,Brisbane QLD
Senior Software Engineer,Talenza,https://www.seek.com.au//job/75923262?type=standard&ref=search-standalone&origin=cardTitle,Full time,Brisbane QLD
Dynamics CRM Developer,"Talent – Specialists in tech, transformation & beyond",https://www.seek.com.au//job/76038949?type=standout&ref=search-standalone&origin=cardTitle,Contract/Temp,Brisbane QLD
Java Developer -  Financial Services - Multiple Roles (Brisbane),Limelight People,https://www.seek.com.au//job/75629298?type=standout&ref=search-standalone&origin=cardTitle,Full time,Brisbane QLD
Data Scientist or Software Developer,Fusion Modulair,https://www.seek.com.au//job/75922739?type=standard&ref=search-standalone&origin=cardTitle,Full time,Brisbane QLD
Senior Software Engineer,Suncorp,https://www.seek.com.au//job/75815467?type=standout&ref=search-standalone&origin=cardTitle,Full time,Brisbane QLD
Developer/Salesforce Specialist,PeopleIN,https://www.seek.com.au//job/76032536?type=standout&ref=search-standalone&origin=cardTitle,Full time,Brisbane QLD
API Integration Developer,Virgin Australia,https://www.seek.com.au//job/75755158?type=standout&ref=search-standalone&origin=cardTitle,Full time,Brisbane QLD
Client Implementation Engineer,Sanderson Solutions International,https://www.seek.com.au//job/75458752?type=standout&ref=search-standalone&origin=cardTitle,Full time,Brisbane QLD
.NET Developer,Paxus,https://www.seek.com.au//job/75750754?type=standout&ref=search-standalone&origin=cardTitle,Contract/Temp,Brisbane QLD
Store Setup & Support Officer - Queensland,Chemist Warehouse,https://www.seek.com.au//job/75795243?type=standout&ref=search-standalone&origin=cardTitle,Full time,Eagle Farm
Senior .Net Developer (Contract $950pd),Aspirante,https://www.seek.com.au//job/75911864?type=standard&ref=search-standalone&origin=cardTitle,Contract/Temp,Brisbane QLD
Senior RPA Developer,Suncorp,https://www.seek.com.au//job/76026272?type=standout&ref=search-standalone&origin=cardTitle,Contract/Temp,Brisbane QLD
Salesforce Developer,Softlabs,https://www.seek.com.au//job/75696210?type=standout&ref=search-standalone&origin=cardTitle,Contract/Temp,Brisbane QLD
Marketing Test Analyst,Auto & General,https://www.seek.com.au//job/75941629?type=standout&ref=search-standalone&origin=cardTitle,Full time,Toowong
Software Onboarding Trainer,aXcelerate,https://www.seek.com.au//job/75647895?type=standout&ref=search-standalone&origin=cardTitle,Full time,Brisbane QLD
Senior Back End Engineer,Brisbane QLD,https://www.seek.com.au//job/75536278?type=standard&ref=search-standalone&origin=cardTitle,Full time,Brisbane QLD
Test Engineer,yourtown,https://www.seek.com.au//job/76179077?type=standout&ref=search-standalone&origin=cardTitle,Full time,Milton
Senior CRM Developer (D365),Hudson - Software Development,https://www.seek.com.au//job/75959153?type=standard&ref=search-standalone&origin=cardTitle,Contract/Temp,Brisbane QLD
MuleSoft Developers x 4,Aspirante,https://www.seek.com.au//job/75740699?type=standard&ref=search-standalone&origin=cardTitle,Contract/Temp,Brisbane QLD
Online Communications Coordinator,Just Digital People,https://www.seek.com.au//job/75524921?type=standard&ref=search-standalone&origin=cardTitle,Contract/Temp,Brisbane QLD
Salesforce Developers x 4,Aspirante,https://www.seek.com.au//job/75740783?type=standard&ref=search-standalone&origin=cardTitle,Contract/Temp,Brisbane QLD
Senior .NET / Angular Consultant,Lynkz People,https://www.seek.com.au//job/75669953?type=standout&ref=search-standalone&origin=cardTitle,Full time,Brisbane QLD
MS Dynamics CRM Developer,Talent Street,https://www.seek.com.au//job/75958894?type=standout&ref=search-standalone&origin=cardTitle,Contract/Temp,Brisbane QLD
Digital Optimisation & Personalisation Specialist,TABCORP,https://www.seek.com.au//job/75525150?type=standout&ref=search-standalone&origin=cardTitle,Full time,Brisbane QLD
"Technical Lead, Software Engineering",CoreLogic,https://www.seek.com.au//job/76056104?type=standout&ref=search-standalone&origin=cardTitle,Full time,Fortitude Valley
Senior SEO Specialist ,IPA Personnel,https://www.seek.com.au//job/75680325?type=standard&ref=search-standalone&origin=cardTitle,Full time,Brisbane QLD
Senior DevOps Engineer,Compare the Market,https://www.seek.com.au//job/76057144?type=standout&ref=search-standalone&origin=cardTitle,Full time,Toowong
Sharepoint & Power Platform Developer,bcu a division of Police and Nurses Limited,https://www.seek.com.au//job/75593835?type=standout&ref=search-standalone&origin=cardTitle,Full time,Brisbane QLD
Lead Software Engineer,Scout Talent,https://www.seek.com.au//job/75487199?type=standout&ref=search-standalone&origin=cardTitle,Full time,Milton
Senior Software Engineer,OnTalent Pty Ltd,https://www.seek.com.au//job/75579807?type=standout&ref=search-standalone&origin=cardTitle,Full time,Brisbane QLD
Lead DevOps Engineer,Compare the Market,https://www.seek.com.au//job/76075633?type=standout&ref=search-standalone&origin=cardTitle,Full time,Toowong
Lead SharePoint / Power Platform Developer,ETE Group Pty Ltd,https://www.seek.com.au//job/75505304?type=standard&ref=search-standalone&origin=cardTitle,Full time,Brisbane QLD
Dynamics 365 Developer,M&T Resources,https://www.seek.com.au//job/75487635?type=standout&ref=search-standalone&origin=cardTitle,Contract/Temp,Brisbane QLD
Head of Stakeholder Relations,APNIC,https://www.seek.com.au//job/75923581?type=standout&ref=search-standalone&origin=cardTitle,Full time,Brisbane QLD
Senior Digitisation Specialist,APA Group,https://www.seek.com.au//job/76090052?type=standout&ref=search-standalone&origin=cardTitle,Full time,Brisbane QLD
Development Manager,Auto & General,https://www.seek.com.au//job/75862120?type=standout&ref=search-standalone&origin=cardTitle,Full time,Toowong
Digital Content Manager,Gybe Consulting,https://www.seek.com.au//job/75850103?type=standout&ref=search-standalone&origin=cardTitle,Full time,Bowen Hills
Project Manager | Integration,"Talent – Specialists in tech, transformation & beyond",https://www.seek.com.au//job/76062835?type=standout&ref=search-standalone&origin=cardTitle,Contract/Temp,Brisbane QLD
Lead User Experience Designer,u&u. Recruitment Partners,https://www.seek.com.au//job/75507275?type=standard&ref=search-standalone&origin=cardTitle,Contract/Temp,Brisbane QLD
Development Operations Specialist ,Best Practice Software,https://www.seek.com.au//job/75524444?type=standout&ref=search-standalone&origin=cardTitle,Full time,Brisbane QLD
Technical Lead,4impact Pty Ltd,https://www.seek.com.au//job/75853731?type=standout&ref=search-standalone&origin=cardTitle,Contract/Temp,Brisbane QLD
Digital Marketing Manager,Working Parents Connect,https://www.seek.com.au//job/75779964?type=standout&ref=search-standalone&origin=cardTitle,Full time,Brisbane QLD
Technical Lead,Scout Talent,https://www.seek.com.au//job/75644564?type=standout&ref=search-standalone&origin=cardTitle,Full time,Milton
Senior Dynamics 365 Developer,Exclaim IT,https://www.seek.com.au//job/75460389?type=standout&ref=search-standalone&origin=cardTitle,Contract/Temp,Brisbane QLD
Senior System Integrator,Department of Health - Queensland,https://www.seek.com.au//job/75829289?type=standout&ref=search-standalone&origin=cardTitle,Full time,Fortitude Valley
Business System Analyst,CBRE,https://www.seek.com.au//job/75861807?type=standout&ref=search-standalone&origin=cardTitle,Full time,Brisbane QLD
Product Manager,Entain Group PTY LTD,https://www.seek.com.au//job/75714483?type=standout&ref=search-standalone&origin=cardTitle,Full time,Bowen Hills
Cloud Engineer,Prometheus Group,https://www.seek.com.au//job/75544808?type=standard&ref=search-standalone&origin=cardTitle,Full time,Brisbane QLD
E commerce Manager,BSR Group,https://www.seek.com.au//job/75536066?type=standout&ref=search-standalone&origin=cardTitle,Full time,Brisbane Airport
Office Administrator,Ace Form,https://www.seek.com.au//job/75941914?type=standout&ref=search-standalone&origin=cardTitle,Part time,Northgate
Power Apps/Automation Consultant - Legal Industry,Verlata Consulting,https://www.seek.com.au//job/75336948?type=standout&ref=search-standalone&origin=cardTitle,Full time,Brisbane QLD
Platform Engineer (Beam),Australian Retirement Trust,https://www.seek.com.au//job/75648041?type=standout&ref=search-standalone&origin=cardTitle,Full time,Brisbane QLD
Solution Designer ,Randstad Digital,https://www.seek.com.au//job/75471918?type=standard&ref=search-standalone&origin=cardTitle,Full time,Brisbane QLD
Software Architect,Davidson,https://www.seek.com.au//job/75506472?type=standout&ref=search-standalone&origin=cardTitle,Full time,South Brisbane
Technical Project Manager,4C Strategies,https://www.seek.com.au//job/75563821?type=standard&ref=search-standalone&origin=cardTitle,Full time,Brisbane QLD
Automation Tester - Dynamics 365,4impact Pty Ltd,https://www.seek.com.au//job/75789075?type=standout&ref=search-standalone&origin=cardTitle,Full time,Brisbane QLD
Administration Assistant (Insurance),Acworth Recruitment,https://www.seek.com.au//job/75761577?type=standout&ref=search-standalone&origin=cardTitle,Part time,Northern Suburbs
Platform Engineer (Beam),Australian Retirement Trust,https://www.seek.com.au//job/75648041?type=standout&ref=search-standalone&origin=cardTitle,Full time,Brisbane QLD
Solution Designer ,Randstad Digital,https://www.seek.com.au//job/75471918?type=standard&ref=search-standalone&origin=cardTitle,Full time,Brisbane QLD
Software Architect,Davidson,https://www.seek.com.au//job/75506472?type=standout&ref=search-standalone&origin=cardTitle,Full time,South Brisbane
Technical Project Manager,4C Strategies,https://www.seek.com.au//job/75563821?type=standard&ref=search-standalone&origin=cardTitle,Full time,Brisbane QLD
Automation Tester - Dynamics 365,4impact Pty Ltd,https://www.seek.com.au//job/75789075?type=standout&ref=search-standalone&origin=cardTitle,Full time,Brisbane QLD
Administration Assistant (Insurance),Acworth Recruitment,https://www.seek.com.au//job/75761577?type=standout&ref=search-standalone&origin=cardTitle,Part time,Northern Suburbs
Automation Tester,Talenza,https://www.seek.com.au//job/75785892?type=standard&ref=search-standalone&origin=cardTitle,Full time,Brisbane QLD
Lead Business Analyst ,Compare the Market,https://www.seek.com.au//job/75658535?type=standout&ref=search-standalone&origin=cardTitle,Full time,Toowong
Technical Lead,Flight Centre Travel Group,https://www.seek.com.au//job/75504477?type=standout&ref=search-standalone&origin=cardTitle,Full time,South Brisbane
"AO5 - AO8 Communications, Content, Digital, Media, Social",Davidson,https://www.seek.com.au//job/75470136?type=standout&ref=search-standalone&origin=cardTitle,Contract/Temp,Brisbane QLD
Digital Optimisation Manager,Auto & General,https://www.seek.com.au//job/75691535?type=standout&ref=search-standalone&origin=cardTitle,Full time,Toowong
Senior Solutions Architect,Alchemy Recruitment Consulting Pty Ltd,https://www.seek.com.au//job/75744665?type=standard&ref=search-standalone&origin=cardTitle,Full time,Brisbane QLD
Ecommerce Specialist,Triumph International (Australia) Pty Ltd,https://www.seek.com.au//job/75573837?type=standout&ref=search-standalone&origin=cardTitle,Full time,Wynnum West
Technical Project Manager,Ingenuity Design Group,https://www.seek.com.au//job/75864723?type=standard&ref=search-standalone&origin=cardTitle,Full time,Bowen Hills
Web Developer,"Department of Employment, Small Business and Training",https://www.seek.com.au//job/76168688?type=standard&ref=search-standalone&origin=cardTitle,Contract/Temp,Brisbane QLD
Software Developer,Department of Health - Queensland,https://www.seek.com.au//job/75961769?type=standard&ref=search-standalone&origin=cardTitle,Full time,Chermside
Full Stack Engineer,Secure Code Warrior Pty Ltd,https://www.seek.com.au//job/76013624?type=standard&ref=search-standalone&origin=cardTitle,Full time,Brisbane QLD
Analyst Programmer,Energy Queensland Group,https://www.seek.com.au//job/76172287?type=standard&ref=search-standalone&origin=cardTitle,Full time,Brisbane QLD
Sr Associate Software Development Engineer,Workday,https://www.seek.com.au//job/75966879?type=standard&ref=search-standalone&origin=cardTitle,Full time,Brisbane QLD
Senior Software Engineer (full-stack) - Faculty of EAIT,The University of Queensland,https://www.seek.com.au//job/76162566?type=standard&ref=search-standalone&origin=cardTitle,Full time,St Lucia
Senior Software Engineer,Secure Code Warrior Pty Ltd,https://www.seek.com.au//job/75766494?type=standard&ref=search-standalone&origin=cardTitle,Full time,Brisbane QLD
Junior V6 Database Developer,G. James Glass and Aluminium,https://www.seek.com.au//job/75907463?type=standard&ref=search-standalone&origin=cardTitle,Full time,Eagle Farm
Senior Associate Software Development Engineer,Workday,https://www.seek.com.au//job/75966899?type=standard&ref=search-standalone&origin=cardTitle,Full time,Brisbane QLD
Software Development Engineer,Workday,https://www.seek.com.au//job/75807935?type=standard&ref=search-standalone&origin=cardTitle,Full time,Brisbane QLD
Summer Intern,Oracle,https://www.seek.com.au//job/76095671?type=standard&ref=search-standalone&origin=cardTitle,Full time,Brisbane QLD
Lead Programmer,Gameloft Australia,https://www.seek.com.au//job/76202223?type=standard&ref=search-standalone&origin=cardTitle,Full time,Brisbane QLD
Technician,Komatsu Australia Pty Ltd,https://www.seek.com.au//job/76041708?type=standard&ref=search-standalone&origin=cardTitle,Full time,Wacol
"Senior Product Marketing Manager, Developers",Canva,https://www.seek.com.au//job/76122995?type=standard&ref=search-standalone&origin=cardTitle,Full time,Brisbane QLD
Software Engineers (C#/.Net/WinForms),RPMGlobal,https://www.seek.com.au//job/75995204?type=standard&ref=search-standalone&origin=cardTitle,Full time,Brisbane QLD
Technical Specialist - Integration,National Heavy Vehicle Regulator,https://www.seek.com.au//job/76025835?type=standard&ref=search-standalone&origin=cardTitle,Full time,Brisbane QLD
"Senior Software Engineer | Brisbane, West End",Fitness And Lifestyle Group Bidco Pty Ltd,https://www.seek.com.au//job/75935858?type=standard&ref=search-standalone&origin=cardTitle,Full time,Brisbane QLD
UI Programmer,Gameloft Australia,https://www.seek.com.au//job/75736298?type=standard&ref=search-standalone&origin=cardTitle,Full time,Brisbane QLD
Senior Backend Game Developer,Gameloft Australia,https://www.seek.com.au//job/75736283?type=standard&ref=search-standalone&origin=cardTitle,Full time,Brisbane QLD
Reporter Gympie,Bowen Hills,https://www.seek.com.au//job/75626310?type=standard&ref=search-standalone&origin=cardTitle,Full time,Bowen Hills
Senior Engine Programmer,Gameloft Australia,https://www.seek.com.au//job/75736269?type=standard&ref=search-standalone&origin=cardTitle,Full time,Brisbane QLD
Senior Tools Programmer,Gameloft Australia,https://www.seek.com.au//job/75736333?type=standard&ref=search-standalone&origin=cardTitle,Full time,Brisbane QLD
"Senior Associate (front-end), Construction, Infrastructure & Projects - Brisbane",Holding Redlich,https://www.seek.com.au//job/76010816?type=standard&ref=search-standalone&origin=cardTitle,Full time,Brisbane QLD
"Senior Mobile Engineer - South Bank, QLD",Flight Centre Travel Group,https://www.seek.com.au//job/75534565?type=standard&ref=search-standalone&origin=cardTitle,Full time,South Bank
Senior Backend Engineer (Java) – Video Compositor,Canva,https://www.seek.com.au//job/75695506?type=standard&ref=search-standalone&origin=cardTitle,Full time,Brisbane QLD
Senior System Integrator,Department of Health - Queensland,https://www.seek.com.au//job/75835795?type=standard&ref=search-standalone&origin=cardTitle,Contract/Temp,Fortitude Valley
Engineering Manager (BE) - Integrations at Scale - (Remote across ANZ),Canva,https://www.seek.com.au//job/75741984?type=standard&ref=search-standalone&origin=cardTitle,Full time,Brisbane QLD
"Technical Lead - South Bank, QLD",Flight Centre Travel Group,https://www.seek.com.au//job/76001697?type=standard&ref=search-standalone&origin=cardTitle,Full time,South Bank
Lawyer (2-5 PQE) - Major Projects & Construction,Clayton Utz,https://www.seek.com.au//job/75864519?type=standard&ref=search-standalone&origin=cardTitle,Full time,Brisbane QLD
Network Development Engineer,TPG Telecom,https://www.seek.com.au//job/75666009?type=standard&ref=search-standalone&origin=cardTitle,Full time,Brisbane QLD
Manager,Department of Transport and Main Roads,https://www.seek.com.au//job/76179713?type=promoted&ref=search-standalone&origin=cardTitle,Full time,Brisbane QLD
Senior Business Intelligence Developer,Gallagher Bassett,https://www.seek.com.au//job/76149830?type=promoted&ref=search-standalone&origin=cardTitle,Contract/Temp,Brisbane QLD
Data Scientist | Value Engineering | Fixed Term (6 months) | Brisbane,BHP,https://www.seek.com.au//job/75929715?type=standout&ref=search-standalone&origin=cardTitle,Full time,Brisbane QLD
INTERNAL DATA SCIENCE CONSULTANT,Opus Recruitment Solutions,https://www.seek.com.au//job/76065692?type=standout&ref=search-standalone&origin=cardTitle,Full time,Brisbane QLD
Data Scientist or Software Developer,Fusion Modulair,https://www.seek.com.au//job/75922739?type=standard&ref=search-standalone&origin=cardTitle,Full time,Brisbane QLD
Principal Data Engineer,Department of Transport and Main Roads,https://www.seek.com.au//job/76220223?type=standout&ref=search-standalone&origin=cardTitle,Full time,Carseldine
Principal Data Engineer,Department of Transport and Main Roads,https://www.seek.com.au//job/76220187?type=standout&ref=search-standalone&origin=cardTitle,Full time,Carseldine
Data Analyst/Scientist and Senior Data Analyst/Scientist,Australian Competition and Consumer Commission,https://www.seek.com.au//job/76060833?type=standout&ref=search-standalone&origin=cardTitle,Full time,Brisbane QLD
Principal Data Scientist,Randstad Digital,https://www.seek.com.au//job/75864203?type=standard&ref=search-standalone&origin=cardTitle,Contract/Temp,Brisbane QLD
Data Engineer,Peoplebank Australia QLD,https://www.seek.com.au//job/76178678?type=standout&ref=search-standalone&origin=cardTitle,Contract/Temp,Brisbane QLD
Data Analyst,The Data School Pty Ltd,https://www.seek.com.au//job/75930308?type=standout&ref=search-standalone&origin=cardTitle,Full time,Brisbane QLD
Senior Data Engineer,Compare the Market,https://www.seek.com.au//job/76218302?type=standout&ref=search-standalone&origin=cardTitle,Full time,Toowong
Data Engineer,G8 Education Limited,https://www.seek.com.au//job/76178562?type=standout&ref=search-standalone&origin=cardTitle,Full time,Brisbane QLD
Senior Data Scientist,Troocoo,https://www.seek.com.au//job/75583326?type=standout&ref=search-standalone&origin=cardTitle,Full time,Brisbane QLD
Junior Data & Reporting Analyst,Maintenance Experts,https://www.seek.com.au//job/76083555?type=standout&ref=search-standalone&origin=cardTitle,Full time,Newstead
Data Engineer,Technology One Limited,https://www.seek.com.au//job/76150603?type=standout&ref=search-standalone&origin=cardTitle,Full time,Brisbane QLD
Biostatistician,QCIF,https://www.seek.com.au//job/76074951?type=standard&ref=search-standalone&origin=cardTitle,Full time,St Lucia
Research Scientist,Evolve Scientific,https://www.seek.com.au//job/76221678?type=standout&ref=search-standalone&origin=cardTitle,Full time,Eight Mile Plains
Lead Value Analytics,Randstad Digital,https://www.seek.com.au//job/76209859?type=standard&ref=search-standalone&origin=cardTitle,Full time,Brisbane QLD
General Manager Data,Compare the Market,https://www.seek.com.au//job/76158243?type=standout&ref=search-standalone&origin=cardTitle,Full time,Toowong
Lead Data Analytics Consultant,Auto & General,https://www.seek.com.au//job/75876912?type=standout&ref=search-standalone&origin=cardTitle,Full time,Toowong
Cloud Software Engineer,Fugro Australia Pty Ltd,https://www.seek.com.au//job/76161582?type=standout&ref=search-standalone&origin=cardTitle,Full time,Brisbane QLD
IROC Brisbane | Fixed Plant Controller | BMA | Talent Pool,BHP,https://www.seek.com.au//job/76208270?type=promoted&ref=search-standalone&origin=cardTitle,Full time,Brisbane QLD
Channel Sales Manager,Emesent,https://www.seek.com.au//job/75815019?type=promoted&ref=search-standalone&origin=cardTitle,Full time,Milton
INTERNAL DATA SCIENCE CONSULTANT,Opus Recruitment Solutions,https://www.seek.com.au//job/76065692?type=standout&ref=search-standalone&origin=cardTitle,Full time,Brisbane QLD
Principal Data Engineer,Department of Transport and Main Roads,https://www.seek.com.au//job/76220187?type=standout&ref=search-standalone&origin=cardTitle,Full time,Carseldine
Principal Data Engineer,Department of Transport and Main Roads,https://www.seek.com.au//job/76220223?type=standout&ref=search-standalone&origin=cardTitle,Full time,Carseldine
Data Scientist or Software Developer,Fusion Modulair,https://www.seek.com.au//job/75922739?type=standard&ref=search-standalone&origin=cardTitle,Full time,Brisbane QLD
Senior Software Engineer,Fugro Australia Pty Ltd,https://www.seek.com.au//job/76183338?type=standout&ref=search-standalone&origin=cardTitle,Full time,Brisbane QLD
Data Engineer,Peoplebank Australia QLD,https://www.seek.com.au//job/76178678?type=standout&ref=search-standalone&origin=cardTitle,Contract/Temp,Brisbane QLD
Senior Data Engineer,Compare the Market,https://www.seek.com.au//job/76218302?type=standout&ref=search-standalone&origin=cardTitle,Full time,Toowong
Data Engineer,G8 Education Limited,https://www.seek.com.au//job/76178562?type=standout&ref=search-standalone&origin=cardTitle,Full time,Brisbane QLD
Cloud Software Engineer,Fugro Australia Pty Ltd,https://www.seek.com.au//job/76161582?type=standout&ref=search-standalone&origin=cardTitle,Full time,Brisbane QLD
AI Engineer,BLACKROC,https://www.seek.com.au//job/76078744?type=standout&ref=search-standalone&origin=cardTitle,Contract/Temp,Brisbane QLD
Data Engineer,Technology One Limited,https://www.seek.com.au//job/76150603?type=standout&ref=search-standalone&origin=cardTitle,Full time,Brisbane QLD
Principal Data Scientist,Randstad Digital,https://www.seek.com.au//job/75864203?type=standard&ref=search-standalone&origin=cardTitle,Contract/Temp,Brisbane QLD
Data Scientist | Value Engineering | Fixed Term (6 months) | Brisbane,BHP,https://www.seek.com.au//job/75929715?type=standout&ref=search-standalone&origin=cardTitle,Full time,Brisbane QLD
Data Analyst,The Data School Pty Ltd,https://www.seek.com.au//job/75930308?type=standout&ref=search-standalone&origin=cardTitle,Full time,Brisbane QLD
Postdoctoral Research Fellow/RF in Synthetic Clinical Data,The University of Queensland,https://www.seek.com.au//job/75715105?type=standout&ref=search-standalone&origin=cardTitle,Full time,St Lucia
Computer Vision Engineer,Bradken,https://www.seek.com.au//job/76000424?type=standard&ref=search-standalone&origin=cardTitle,Full time,Brisbane QLD
Senior Data Engineer / Applications Developer (Node or Python),Humanised Group,https://www.seek.com.au//job/76059583?type=standard&ref=search-standalone&origin=cardTitle,Contract/Temp,Brisbane QLD
Microsoft Data and AI - Presales Consultant,DXC Technology Australia & New Zealand,https://www.seek.com.au//job/75544091?type=standout&ref=search-standalone&origin=cardTitle,Full time,Brisbane QLD
Lead Value Analytics,Randstad Digital,https://www.seek.com.au//job/76209859?type=standard&ref=search-standalone&origin=cardTitle,Full time,Brisbane QLD
Data Analyst/Scientist and Senior Data Analyst/Scientist,Australian Competition and Consumer Commission,https://www.seek.com.au//job/76060833?type=standout&ref=search-standalone&origin=cardTitle,Full time,Brisbane QLD
Machine Operators,Century Yuasa,https://www.seek.com.au//job/75848787?type=promoted&ref=search-standalone&origin=cardTitle,Full time,Carole Park
Machine Operators,Century Yuasa,https://www.seek.com.au//job/75848603?type=promoted&ref=search-standalone&origin=cardTitle,Full time,Carole Park
Data Engineer/ Analyst,Integral Technology Solutions Pty Ltd,https://www.seek.com.au//job/75857654?type=standout&ref=search-standalone&origin=cardTitle,Full time,Brisbane QLD
Lead Data Analytics Consultant,Auto & General,https://www.seek.com.au//job/75876912?type=standout&ref=search-standalone&origin=cardTitle,Full time,Toowong
Research Fellow/Senior Research Fellow - Data Science,The University of Queensland,https://www.seek.com.au//job/76104108?type=standout&ref=search-standalone&origin=cardTitle,Full time,South Brisbane
Senior Data Scientist,Troocoo,https://www.seek.com.au//job/75583326?type=standout&ref=search-standalone&origin=cardTitle,Full time,Brisbane QLD
General Manager Data,Compare the Market,https://www.seek.com.au//job/76158243?type=standout&ref=search-standalone&origin=cardTitle,Full time,Toowong
Senior Software Engineer,Flight Centre Travel Group,https://www.seek.com.au//job/76157242?type=standout&ref=search-standalone&origin=cardTitle,Full time,South Brisbane
IROC Brisbane | Fixed Plant Controller | BMA | Talent Pool,BHP,https://www.seek.com.au//job/76208270?type=standout&ref=search-standalone&origin=cardTitle,Full time,Brisbane QLD
Software Engineer - Python - Tech for Good Organisation,Brisbane QLD,https://www.seek.com.au//job/75534029?type=standard&ref=search-standalone&origin=cardTitle,Full time,Brisbane QLD
Sales Director (Oil field services & downhole imaging),Koch Business Solutions,https://www.seek.com.au//job/76166961?type=standout&ref=search-standalone&origin=cardTitle,Full time,Brisbane QLD
Mid Software Engineer,Flight Centre Travel Group,https://www.seek.com.au//job/76156667?type=standout&ref=search-standalone&origin=cardTitle,Full time,South Brisbane
Program Lead Teaming Robotics,Trusted Autonomous Systems Defence CRC,https://www.seek.com.au//job/76076812?type=standout&ref=search-standalone&origin=cardTitle,Full time,Brisbane QLD
Biostatistician,QCIF,https://www.seek.com.au//job/76074951?type=standard&ref=search-standalone&origin=cardTitle,Full time,St Lucia
Data Engineer,u&u. Recruitment Partners,https://www.seek.com.au//job/75797729?type=standard&ref=search-standalone&origin=cardTitle,Full time,Brisbane QLD
Data Platform Engineer,u&u. Recruitment Partners,https://www.seek.com.au//job/75753733?type=standout&ref=search-standalone&origin=cardTitle,Full time,Brisbane QLD
Biostatistician,QIMR Berghofer Medical Research Institute,https://www.seek.com.au//job/75923022?type=standout&ref=search-standalone&origin=cardTitle,Full time,Herston
Director Data Strategy,Queensland Police Service,https://www.seek.com.au//job/76050964?type=standout&ref=search-standalone&origin=cardTitle,Full time,Brisbane QLD
Solution Architect - Data & Analytics,Capgemini Australia Pty Ltd,https://www.seek.com.au//job/76051281?type=standout&ref=search-standalone&origin=cardTitle,Full time,Brisbane QLD
Senior Data Engineer - Azure,Michael Page,https://www.seek.com.au//job/75848030?type=standard&ref=search-standalone&origin=cardTitle,Full time,Brisbane QLD
"Assistant Director, Data Developer, EL1 (EA2024/139)",Australian Competition and Consumer Commission,https://www.seek.com.au//job/76099483?type=standout&ref=search-standalone&origin=cardTitle,Full time,Brisbane QLD
Lecturer in Information Technology (Cybersecurity),Southern Cross University,https://www.seek.com.au//job/76003340?type=standout&ref=search-standalone&origin=cardTitle,Full time,Brisbane QLD
Machine Operators,Century Yuasa,https://www.seek.com.au//job/75469307?type=promoted&ref=search-standalone&origin=cardTitle,Full time,Carole Park
Machine Operators,Century Yuasa,https://www.seek.com.au//job/75469277?type=promoted&ref=search-standalone&origin=cardTitle,Full time,Carole Park
Data Engineer (Oracle) | I.T Services |Brisbane | Hybrid,Robert Half,https://www.seek.com.au//job/75695293?type=standard&ref=search-standalone&origin=cardTitle,Full time,Paddington
People Analytics Lead,JBS Australia Pty Limited,https://www.seek.com.au//job/75698604?type=standout&ref=search-standalone&origin=cardTitle,Full time,Brisbane QLD
MACSYS Post-doctoral Research Fellows,Queensland University of Technology,https://www.seek.com.au//job/76023717?type=standout&ref=search-standalone&origin=cardTitle,Full time,Brisbane QLD
QUT PhD scholarship: Data-driven power system stability and strength analysis,Queensland University of Technology (QUT),https://www.seek.com.au//job/74978851?type=standout&ref=search-standalone&origin=cardTitle,Full time,Brisbane QLD
Cloud Support Engineer,Randstad Digital,https://www.seek.com.au//job/76080142?type=standard&ref=search-standalone&origin=cardTitle,Contract/Temp,Brisbane QLD
Director Data Strategy,Luminary,https://www.seek.com.au//job/75988488?type=standout&ref=search-standalone&origin=cardTitle,Full time,Brisbane QLD
Cloud Support Engineer,Hudson - Infrastructure Cloud,https://www.seek.com.au//job/76033011?type=standard&ref=search-standalone&origin=cardTitle,Contract/Temp,Brisbane QLD
Biostatistician,QCIF,https://www.seek.com.au//job/75558363?type=standard&ref=search-standalone&origin=cardTitle,Full time,St Lucia
Soil Carbon Reporting and Data Coordinator,Carbon Link Operations Pty Ltd,https://www.seek.com.au//job/76051448?type=standout&ref=search-standalone&origin=cardTitle,Part time,Brisbane QLD
Analytics Technical Lead,Robert Half,https://www.seek.com.au//job/75505298?type=standard&ref=search-standalone&origin=cardTitle,Full time,Brisbane QLD
Postdoctoral Research Fellow - Genetic Analysis,The University of Queensland,https://www.seek.com.au//job/76214285?type=standout&ref=search-standalone&origin=cardTitle,Full time,St Lucia
Business Analytics & Insights Team Leader,Powerlink Queensland,https://www.seek.com.au//job/76002713?type=standout&ref=search-standalone&origin=cardTitle,Full time,Virginia
ASD4 & 5 Software Engineers,Australian Signals Directorate,https://www.seek.com.au//job/76105762?type=standout&ref=search-standalone&origin=cardTitle,Full time,Brisbane QLD
Software Architect - Medical R&D,Stryker,https://www.seek.com.au//job/75528074?type=standout&ref=search-standalone&origin=cardTitle,Full time,Brisbane QLD
Cloud Support Engineer,Lime Recruitment,https://www.seek.com.au//job/76028847?type=standard&ref=search-standalone&origin=cardTitle,Contract/Temp,Fortitude Valley
Account Manager,Hilti(Aust) Pty Ltd,https://www.seek.com.au//job/76107959?type=standout&ref=search-standalone&origin=cardTitle,Full time,Brisbane QLD
Analytics Lead - Regulatory,Queensland University of Technology,https://www.seek.com.au//job/75848455?type=standout&ref=search-standalone&origin=cardTitle,Full time,Kelvin Grove
CSIRO Industry PhD Program Scholarship,Graduate Research School University of Southern Queensland,https://www.seek.com.au//job/75181450?type=standard&ref=search-standalone&origin=cardTitle,Full time,Springfield
Team Leader Asset Data Services,Powerlink Queensland,https://www.seek.com.au//job/76074754?type=standout&ref=search-standalone&origin=cardTitle,Full time,Virginia
Senior Data Engineer,BLACKROC,https://www.seek.com.au//job/75557499?type=standout&ref=search-standalone&origin=cardTitle,Full time,Brisbane QLD
GRP Fabricator,GRP Australia Pty Ltd,https://www.seek.com.au//job/76062507?type=promoted&ref=search-standalone&origin=cardTitle,Full time,Virginia
Gaming & TAB Attendant,ALH Group - Mount Gravatt Hotel,https://www.seek.com.au//job/75833914?type=promoted&ref=search-standalone&origin=cardTitle,Casual/Vacation,Mount Gravatt
Channel Sales Manager,Emesent,https://www.seek.com.au//job/75815019?type=standout&ref=search-standalone&origin=cardTitle,Full time,Milton
Senior Data Specialist,ATSICHS Brisbane,https://www.seek.com.au//job/75567406?type=standout&ref=search-standalone&origin=cardTitle,Full time,Murarrie
Channel Sales Director,Emesent,https://www.seek.com.au//job/75792474?type=standout&ref=search-standalone&origin=cardTitle,Full time,Milton
ASD6 Senior Software Engineer,Australian Signals Directorate,https://www.seek.com.au//job/76105791?type=standout&ref=search-standalone&origin=cardTitle,Full time,Brisbane QLD
Non-Prod Data Capability Lead,Hawksworth Consulting,https://www.seek.com.au//job/75647453?type=standout&ref=search-standalone&origin=cardTitle,Contract/Temp,Brisbane QLD
Team Leader Asset Data Services,Powerlink Queensland,https://www.seek.com.au//job/76075107?type=standout&ref=search-standalone&origin=cardTitle,Full time,Virginia
Lead Data Manager/ Architect,Calleo,https://www.seek.com.au//job/76063083?type=standout&ref=search-standalone&origin=cardTitle,Full time,Brisbane QLD
Machine Operators,Century Yuasa,https://www.seek.com.au//job/75848787?type=standout&ref=search-standalone&origin=cardTitle,Full time,Carole Park
Data Analyst,yourtown,https://www.seek.com.au//job/75863227?type=standout&ref=search-standalone&origin=cardTitle,Full time,Milton
Machine Operators,Century Yuasa,https://www.seek.com.au//job/75848603?type=standout&ref=search-standalone&origin=cardTitle,Full time,Carole Park
Delivery Lead | Data,"Talent – Specialists in tech, transformation & beyond",https://www.seek.com.au//job/75680684?type=standout&ref=search-standalone&origin=cardTitle,Contract/Temp,Brisbane QLD
Machine Operators,Century Yuasa,https://www.seek.com.au//job/75469277?type=standout&ref=search-standalone&origin=cardTitle,Full time,Carole Park
Lecturer/Senior Lecturer in Electrical Engineering (Aerospace and Control),Queensland University of Technology,https://www.seek.com.au//job/76023483?type=standout&ref=search-standalone&origin=cardTitle,Full time,Brisbane QLD
Machine Operators,Century Yuasa,https://www.seek.com.au//job/75469307?type=standout&ref=search-standalone&origin=cardTitle,Full time,Carole Park
Intermediate Level Technical Writer (Mining Technology),Task Recruitment,https://www.seek.com.au//job/75950535?type=standout&ref=search-standalone&origin=cardTitle,Contract/Temp,Brisbane QLD
Senior Software Engineer - IBM Master Data Management,Ethos BeathChapman,https://www.seek.com.au//job/76054012?type=standard&ref=search-standalone&origin=cardTitle,Full time,Brisbane QLD
Gaming & TAB Attendant,ALH Group - Mount Gravatt Hotel,https://www.seek.com.au//job/75833914?type=standout&ref=search-standalone&origin=cardTitle,Casual/Vacation,Mount Gravatt
GRP Fabricator,GRP Australia Pty Ltd,https://www.seek.com.au//job/76062507?type=standout&ref=search-standalone&origin=cardTitle,Full time,Virginia
Postdoctoral Research Fellow - ultracold atoms and hydrodynamic,The University of Queensland,https://www.seek.com.au//job/75547291?type=standout&ref=search-standalone&origin=cardTitle,Full time,St Lucia
Data Technical Lead,Cirqle Group,https://www.seek.com.au//job/75529843?type=standout&ref=search-standalone&origin=cardTitle,Contract/Temp,Brisbane QLD
Data Architect,Bluefin Resources Pty Limited,https://www.seek.com.au//job/75998317?type=standard&ref=search-standalone&origin=cardTitle,Contract/Temp,Brisbane QLD
"Postdoc Research Fellow, Bacterial Culturing & Systems Biology",The University of Queensland,https://www.seek.com.au//job/76079356?type=standout&ref=search-standalone&origin=cardTitle,Full time,St Lucia
Senior RPA Developer,Suncorp,https://www.seek.com.au//job/76026272?type=standout&ref=search-standalone&origin=cardTitle,Contract/Temp,Brisbane QLD
Senior Backend Engineer - Java,Perigon Group Pty Limited,https://www.seek.com.au//job/75819783?type=standout&ref=search-standalone&origin=cardTitle,Full time,Brisbane QLD
Remuneration and Data Lead,Icon Group,https://www.seek.com.au//job/75720284?type=standard&ref=search-standalone&origin=cardTitle,Full time,South Brisbane
Consultant,Atturra,https://www.seek.com.au//job/75799463?type=standout&ref=search-standalone&origin=cardTitle,Full time,Brisbane QLD
"Senior Scientific Officer, Fermentation",The University of Queensland,https://www.seek.com.au//job/76074465?type=standout&ref=search-standalone&origin=cardTitle,Full time,St Lucia
Senior Data Analyst,TABCORP,https://www.seek.com.au//job/75717515?type=standout&ref=search-standalone&origin=cardTitle,Full time,Brisbane QLD
Manager Analytics,Department of Health - Queensland,https://www.seek.com.au//job/76022708?type=standout&ref=search-standalone&origin=cardTitle,Full time,Herston
Domain Architect Data,Great Southern Bank,https://www.seek.com.au//job/75680412?type=standout&ref=search-standalone&origin=cardTitle,Full time,Brisbane QLD
Senior Back End Engineer,Brisbane QLD,https://www.seek.com.au//job/75536278?type=standard&ref=search-standalone&origin=cardTitle,Full time,Brisbane QLD
QUT Women in Electrical Engineering postgraduate scholarship,Queensland University of Technology (QUT),https://www.seek.com.au//job/73019696?type=standout&ref=search-standalone&origin=cardTitle,Full time,Brisbane QLD
Project Manager - Cyber Security,Humanised Group,https://www.seek.com.au//job/75833994?type=standard&ref=search-standalone&origin=cardTitle,Contract/Temp,Brisbane QLD
"Pricing Actuary, Motor Insurance",Bluefin Resources Pty Limited,https://www.seek.com.au//job/75693177?type=standard&ref=search-standalone&origin=cardTitle,Full time,Brisbane QLD
Postdoctoral Research Fellow - Disaster Risk and Vulnerability ,The University of Queensland,https://www.seek.com.au//job/75695214?type=standout&ref=search-standalone&origin=cardTitle,Full time,St Lucia
Postdoctoral Research Fellow - Hydrogeochemical Modelling,The University of Queensland,https://www.seek.com.au//job/75951972?type=standout&ref=search-standalone&origin=cardTitle,Full time,St Lucia
Remuneration Lead,The Next Step,https://www.seek.com.au//job/75490964?type=standout&ref=search-standalone&origin=cardTitle,Full time,Brisbane QLD
Senior Respiratory Scientist,North Brisbane Sleep and Thoracic,https://www.seek.com.au//job/75952701?type=standard&ref=search-standalone&origin=cardTitle,Part time,Clayfield
Production Administration Officer,Talius,https://www.seek.com.au//job/75780275?type=standard&ref=search-standalone&origin=cardTitle,Full time,Loganholme
Senior .NET / Angular Consultant,Lynkz People,https://www.seek.com.au//job/75669953?type=standout&ref=search-standalone&origin=cardTitle,Full time,Brisbane QLD
ASD 2024 Internship Program,Australian Signals Directorate,https://www.seek.com.au//job/75621663?type=standout&ref=search-standalone&origin=cardTitle,Full time,Brisbane QLD
Junior/Mid-level Android Developer,Athena Artificial Intelligence,https://www.seek.com.au//job/75649828?type=standard&ref=search-standalone&origin=cardTitle,Full time,Murarrie
Junior Developer – AI,Lime Recruitment,https://www.seek.com.au//job/75742727?type=standard&ref=search-standalone&origin=cardTitle,Contract/Temp,Brisbane QLD
Machine Operator,Synergy Placements,https://www.seek.com.au//job/76208670?type=standout&ref=search-standalone&origin=cardTitle,Contract/Temp,Caboolture
Machine Operator,CT Labour Hire,https://www.seek.com.au//job/75926095?type=standard&ref=search-standalone&origin=cardTitle,Casual/Vacation,Berrinba
APPRENTICE FITTER / TURNER / MACHINEST - Brisbane South,OSMAC Apprenticeships,https://www.seek.com.au//job/75487283?type=standout&ref=search-standalone&origin=cardTitle,Full time,Darra
Apprentice Fitter Machinist,Mendham Engineering,https://www.seek.com.au//job/76085921?type=standard&ref=search-standalone&origin=cardTitle,Full time,Rocklea
Pump Fitter Service Technician,Smith & Co,https://www.seek.com.au//job/75880886?type=standout&ref=search-standalone&origin=cardTitle,Full time,Brisbane QLD
Timber Joinery Manufacturer,HERITAGE PRODUCTS,https://www.seek.com.au//job/75456781?type=standard&ref=search-standalone&origin=cardTitle,Casual/Vacation,Ipswich
Multiple Roles Available- Day or Afternoon Shift,Thomas Marsh & Co Pty Ltd,https://www.seek.com.au//job/75798418?type=standard&ref=search-standalone&origin=cardTitle,Full time,Carole Park
Prime Mover and Tilt Tray Truck Driver - Brisbane Based,Flexihire,https://www.seek.com.au//job/76157549?type=standard&ref=search-standalone&origin=cardTitle,Full time,Loganholme
Fitter / Machinist,Australian Water Engineers,https://www.seek.com.au//job/75714332?type=standout&ref=search-standalone&origin=cardTitle,Full time,Riverview
General Hand,Eagle Farm,https://www.seek.com.au//job/75990097?type=standard&ref=search-standalone&origin=cardTitle,Casual/Vacation,Eagle Farm
Apprentice Appliance Service Technician,Endeavour Refrigeration & Appliance Service,https://www.seek.com.au//job/76016245?type=standard&ref=search-standalone&origin=cardTitle,Full time,Brisbane QLD
Metal Press Operators,2XM Recruit,https://www.seek.com.au//job/76085829?type=standout&ref=search-standalone&origin=cardTitle,Casual/Vacation,Acacia Ridge
Cabinet Making Apprenticeship!,Action Trades & Apprenticeships,https://www.seek.com.au//job/75819611?type=standard&ref=search-standalone&origin=cardTitle,Full time,Brisbane QLD
Factory Hand - Wacol location,Labourforce,https://www.seek.com.au//job/75531162?type=standout&ref=search-standalone&origin=cardTitle,Casual/Vacation,Wacol
Senior Machine Learning Engineer - Editing AI (Remote across ANZ),Canva,https://www.seek.com.au//job/75779973?type=standard&ref=search-standalone&origin=cardTitle,Full time,Brisbane QLD
Technology Senior Consultant - Artificial Intelligence,SAP Australia Pty Ltd,https://www.seek.com.au//job/76016148?type=standard&ref=search-standalone&origin=cardTitle,Full time,Brisbane QLD
"Director, Data Discovery and Open Data",Department of Transport and Main Roads,https://www.seek.com.au//job/76156274?type=standard&ref=search-standalone&origin=cardTitle,Contract/Temp,Brisbane QLD
Scientific Officer - Biometrician,The University of Queensland,https://www.seek.com.au//job/76115522?type=standard&ref=search-standalone&origin=cardTitle,Full time,St Lucia
Technical Lead - Data Platform (Remote across ANZ),Canva,https://www.seek.com.au//job/75977819?type=standard&ref=search-standalone&origin=cardTitle,Full time,Brisbane QLD
Data Analyst (Economics),Department of Agriculture and Fisheries,https://www.seek.com.au//job/76184900?type=standard&ref=search-standalone&origin=cardTitle,Full time,Brisbane QLD
Research Intern,Oracle,https://www.seek.com.au//job/76115783?type=standard&ref=search-standalone&origin=cardTitle,Full time,Brisbane QLD
Senior Associate Software Development Engineer,Workday,https://www.seek.com.au//job/75966899?type=standard&ref=search-standalone&origin=cardTitle,Full time,Brisbane QLD
"Senior Scientific Officer, Fermentation",The University of Queensland,https://www.seek.com.au//job/76087577?type=standard&ref=search-standalone&origin=cardTitle,Full time,St Lucia
"Hydrogeologist - Mid, Senior & Principal LevelHybrid",WSP Australia Pty Limited,https://www.seek.com.au//job/75762779?type=standard&ref=search-standalone&origin=cardTitle,Full time,Brisbane QLD
Channel Sales Manager - APAC,Emesent,https://www.seek.com.au//job/75822132?type=standard&ref=search-standalone&origin=cardTitle,Full time,Brisbane QLD
